id_persona,nombre,primer_apellido,segundo_apellido,email
1,Fernando ,Vargas ,Velazquez,fernando _velazquez@gmail.com
2,Juan,García,Pérez,juan_pérez@gmail.com
3,Ana,Rodríguez,González,ana_gonzález@gmail.com
4,Miguel,Hernández,Jiménez,miguel_jiménez@gmail.com
5,Elena,Gómez,García,elena_garcía@gmail.com
6,Francisco,Pérez,Rodríguez,francisco_rodríguez@gmail.com
7,Carmen,Fernández,López,carmen_lópez@gmail.com
8,Luis,Díaz,Sánchez,luis_sánchez@gmail.com
9,María,Ortiz,Flores,maría_flores@gmail.com
10,David,Moreno,García,david_garcía@gmail.com
11,Andrea,Torres,Ruiz,andrea_ruiz@gmail.com
12,José,Álvarez,González,josé_gonzález@gmail.com
13,Isabel,Romero,Sánchez,isabel_sánchez@gmail.com
14,Antonio,Ramos,Pérez,antonio_pérez@gmail.com
15,Raquel,Castillo,González,raquel_gonzález@gmail.com
16,Carlos,Jiménez,García,carlos_garcía@gmail.com
17,Ana Belén,Sánchez,Rodríguez,ana belén_rodríguez@gmail.com
18,Mario,García,Hernández,mario_hernández@gmail.com
19,Laura,López,Pérez,laura_pérez@gmail.com
20,Javier,Castro,Fernández,javier_fernández@gmail.com
21,Paula,Molina,García,paula_garcía@gmail.com
22,Pablo,Gutiérrez,Sánchez,pablo_sánchez@gmail.com
23,Natalia,Ortiz,García,natalia_garcía@gmail.com
24,Sergio,Méndez,López,sergio_lópez@gmail.com
25,Adrián,Márquez,Ruiz,adrián_ruiz@gmail.com
26,Marta,Suárez,García,marta_garcía@gmail.com
27,Rubén,Castro,López,rubén_lópez@gmail.com
28,Andrea,Navarro,Hernández,andrea_hernández@gmail.com
29,José Luis,Vázquez,Pérez,josé luis_pérez@gmail.com
30,Lucía,Sánchez,García,lucía_garcía@gmail.com
31,Gabriel,Morales,Rodríguez,gabriel_rodríguez@gmail.com
32,Clara,Flores,Torres,clara_torres@gmail.com
33,Antonio,Vega,Ruiz,antonio_ruiz@gmail.com
34,Marina,Martínez,García,marina_garcía@gmail.com
35,Manuel,Ortiz,Pérez,manuel_pérez@gmail.com
36,Ana María,Castillo,Sánchez,ana maría_sánchez@gmail.com
37,Francisco,Romero,Fernández,francisco_fernández@gmail.com
38,María,Castro,González,maría_gonzález@gmail.com
39,Elena,García,Martínez,elena_martínez@gmail.com
40,José,González,Sánchez,josé_sánchez@gmail.com
41,Inés,Pérez,Rodríguez,inés_rodríguez@gmail.com
42,Daniel,González,Hernández,daniel_hernández@gmail.com
43,Carla,Díaz,García,carla_garcía@gmail.com
44,Juan José,Ortiz,Ruiz,juan josé_ruiz@gmail.com
45,Patricia,Fernández,Pérez,patricia_pérez@gmail.com
46,Luisa,García,Torres,luisa_torres@gmail.com
47,Rafael,López,Sánchez,rafael_sánchez@gmail.com
48,Sofía,Jiménez,Ruiz,sofía_ruiz@gmail.com
49,Álvaro,Hernández,García,álvaro_garcía@gmail.com
50,Ana Isabel,Pérez,Sánchez,ana isabel_sánchez@gmail.com
51,Pablo,Ruiz,González,pablo_gonzález@gmail.com
52,Marta,Castro,Pérez,marta_pérez@gmail.com
53,Alejandro,Torres,García,alejandro_garcía@gmail.com
54,Carmen,Fernández,García,carmen_garcía@gmail.com
55,José María,Sánchez,Pérez,josé maría_pérez@gmail.com
56,Andrea,Gómez,Rodríguez,andrea_rodríguez@gmail.com
57,Javier,Pérez,Fernández,javier_fernández@gmail.com
58,Laura,Ramírez,Sánchez,laura_sánchez@gmail.com
59,David,González,García,david_garcía@gmail.com
60,Paula,Moreno,Ruiz,paula_ruiz@gmail.com
61,Francisco,Martín,López,francisco_lópez@gmail.com
62,Raúl,Castro,Sánchez,raúl_sánchez@gmail.com
63,Ana,García,Martínez,ana_martínez@gmail.com
64,David,López,Fernández,david_fernández@gmail.com
65,Sofía,González,Ramírez,sofía_ramírez@gmail.com
66,Marcos,Martínez,Gutiérrez,marcos_gutiérrez@gmail.com
67,Laura,Pérez,Hernández,laura_hernández@gmail.com
68,Juan,Sánchez,Ortiz,juan_ortiz@gmail.com
69,Martina,Flores,Jiménez,martina_jiménez@gmail.com
70,Rodrigo,Díaz,Álvarez,rodrigo_álvarez@gmail.com
71,Clara,Moreno,Gómez,clara_gómez@gmail.com
72,Manuel,Castro,Vázquez,manuel_vázquez@gmail.com
73,Andrea,Torres,Reyes,andrea_reyes@gmail.com
74,Guillermo,Ruiz,Fernández,guillermo_fernández@gmail.com
75,Teresa,García,Pérez,teresa_pérez@gmail.com
76,Miguel,López,Romero,miguel_romero@gmail.com
77,Lucía,González,Cruz,lucía_cruz@gmail.com
78,Samuel,Pérez,Aguilar,samuel_aguilar@gmail.com
79,Carolina,Sánchez,Navarro,carolina_navarro@gmail.com
80,José,Rodríguez,Ramos,josé_ramos@gmail.com
81,Verónica,García,Rodríguez,verónica_rodríguez@gmail.com
82,Luis,González,Gómez,luis_gómez@gmail.com
83,Valeria,Ortiz,Hernández,valeria_hernández@gmail.com
84,Francisco,Moreno,Álvarez,francisco_álvarez@gmail.com
85,Natalia,Pérez,González,natalia_gonzález@gmail.com
86,Carlos,Castro,López,carlos_lópez@gmail.com
87,Isabel,Torres,Ramírez,isabel_ramírez@gmail.com
88,Javier,Ruiz,Fernández,javier_fernández@gmail.com
89,Marina,García,Morales,marina_morales@gmail.com
90,Rafael,Díaz,Vargas,rafael_vargas@gmail.com
91,Pilar,López,Ortiz,pilar_ortiz@gmail.com
92,Daniel,Sánchez,Flores,daniel_flores@gmail.com
93,Adriana,Jiménez,Pérez,adriana_pérez@gmail.com
94,Bruno,Castro,Gómez,bruno_gómez@gmail.com
95,Cristina,Moreno,Martínez,cristina_martínez@gmail.com
96,Ángel,Hernández,Ramos,ángel_ramos@gmail.com
97,Paula,García,Torres,paula_torres@gmail.com
98,Roberto,González,Gutiérrez,roberto_gutiérrez@gmail.com
99,Carmen,Pérez,González,carmen_gonzález@gmail.com
100,Ignacio,Sánchez,Fernández,ignacio_fernández@gmail.com
